{"val_loss": [0.6814336657524109, 0.5459669411182404, 0.32476928681135175, 0.40850636959075926, 0.3683590792646312, 0.27984350770711897, 0.1963545024394989, 0.4675238266587257, 0.25005057752132415, 0.2232557249942211, 0.23192474246025085, 0.18644963540136814, 0.26183350905776026, 0.18990065306425094, 0.15164987645064942, 0.2742702506482601, 0.15668374598026275, 0.19097555801272392, 0.2588584147393703, 0.23545452623129492], "val_acc": [0.6450000017881393, 0.8050000071525574, 0.904999989271164, 0.8450000047683716, 0.8989898899588922, 0.8899999856948853, 0.9199999868869781, 0.9049999952316284, 0.9199999868869781, 0.9393939237401943, 0.9199999928474426, 0.9249999940395355, 0.8649999976158143, 0.9399999916553498, 0.9242424109969476, 0.9199999928474426, 0.9449999928474426, 0.9299999892711639, 0.9399999916553498, 0.9393939279546641], "loss": [0.7451650762557983, 0.6434045624732971, 0.45880635261535646, 0.32920852694848574, 0.3715797734260559, 0.29088374197483063, 0.28224391877651217, 0.22447528802987302, 0.22818726807832718, 0.20004839807748795, 0.21210095673799514, 0.1794477096862263, 0.19144358947873116, 0.19126350544393061, 0.2037341722846031, 0.1379844368708254, 0.1540303659439087, 0.17269580140709878, 0.1904573003947735, 0.11263159075469682], "acc": [0.4840000033378601, 0.6599999976158142, 0.796000006198883, 0.8787878787878788, 0.852000002861023, 0.8859999942779541, 0.8899999952316284, 0.9171717094652581, 0.9299999928474426, 0.9359999918937683, 0.939999988079071, 0.9353535229509528, 0.9399999952316285, 0.9439999914169311, 0.9359999918937683, 0.9555555497757112, 0.941999990940094, 0.9499999928474426, 0.9359999918937683, 0.9555555455612413]}