{"val_loss": [0.6517750740051269, 0.3880354255437851, 0.3760658875107765, 0.610023120045662, 0.42684873938560486, 0.3388815696569199, 0.39058982878923415, 0.34061143510043623, 0.2229100614786148, 0.2200081255286932, 0.28344339607877933, 0.18450736850500107, 0.3042802717536688, 0.2067074497230351, 0.19693074636161328, 0.12821591930820586, 0.3569309178739786, 0.21764678955078126, 0.20721975089982153, 0.19532040260965006, 0.3431326505589358, 0.16866545900702476, 0.10501050474122167, 0.5102885089814663, 0.17204438677290454, 0.15242672150835712, 0.30429246947169303, 0.14311617016792297, 0.1520227967761457, 0.1695772536098957, 0.16688914232431573, 0.07331506256014109, 0.14125093212351203, 0.4219414465129375, 0.23036850292701275, 0.18714246887000316, 0.1820157415000722, 0.196235553920269, 0.19719339348375797, 0.17709743343293666, 0.1664480317057051, 0.1921030443161726, 0.24762518666684627, 0.24126514792442322, 0.17374784108251334, 0.22203051156186043, 0.20887196554103865, 0.053563963063061236, 0.23129871692508458, 0.3715343279764056], "val_acc": [0.8250000059604645, 0.8800000071525573, 0.8699999988079071, 0.7850000023841858, 0.8449999988079071, 0.8829787221360714, 0.8599999964237213, 0.8950000047683716, 0.9199999988079071, 0.9199999868869781, 0.8989361664082142, 0.9399999976158142, 0.8649999976158143, 0.9549999952316284, 0.9349999845027923, 0.962765948569521, 0.875, 0.924999988079071, 0.9249999940395355, 0.949999988079071, 0.9308510600252354, 0.9299999952316285, 0.9649999916553498, 0.8700000047683716, 0.9449999868869782, 0.9308510536843158, 0.9099999904632569, 0.9599999904632568, 0.95, 0.9199999988079071, 0.9308510536843158, 0.9699999928474426, 0.9499999940395355, 0.899999988079071, 0.9299999952316285, 0.9361702051568539, 0.9549999952316284, 0.9299999952316285, 0.9399999976158142, 0.9449999988079071, 0.9521276545017323, 0.9399999916553498, 0.9449999928474426, 0.9199999928474426, 0.9449999928474426, 0.9308510536843158, 0.9449999928474426, 0.9849999964237213, 0.925, 0.9199999988079071], "loss": [0.7410180528958639, 0.5877804209788641, 0.38330202202002206, 0.37307719476270995, 0.3561548034350077, 0.30154604067405066, 0.2564652900917818, 0.22250958420336248, 0.2328861931959788, 0.22338696842392286, 0.20658693652625051, 0.17567518160988888, 0.1767044926993549, 0.17516259896575204, 0.172634704473118, 0.1809295227751136, 0.15670419016840473, 0.14542191152771314, 0.12131795935953657, 0.11261760954124232, 0.1329198510529811, 0.19905973821878434, 0.1290576596123477, 0.11726583399178597, 0.08941083964891731, 0.19827277002235252, 0.11183928603293912, 0.11859669263164202, 0.12720010705913107, 0.12971029489611585, 0.11991744578484721, 0.1097441394502918, 0.09856564276075612, 0.06042625392855914, 0.1338452495634556, 0.11762454813967148, 0.0925836851199468, 0.11133810669658768, 0.0852823813756307, 0.08981183540696899, 0.09573050541803241, 0.11401955843903125, 0.0946871488665541, 0.10539953904726461, 0.11723160687834025, 0.09676658153378716, 0.09404785577207804, 0.0999684674140291, 0.14189577667663494, 0.06893547541985753], "acc": [0.5283333321412405, 0.6966666708389918, 0.8699999988079071, 0.8590604014844703, 0.8616666615009307, 0.8850000043710072, 0.9093959643536766, 0.9149999876817068, 0.9199999888737996, 0.924999992052714, 0.9328858964395204, 0.9399999896685283, 0.9483333210150401, 0.9345637507886695, 0.9366666555404664, 0.9366666555404664, 0.9530201310279386, 0.9383333265781403, 0.9449999888737997, 0.9549999932448069, 0.9630872395214618, 0.9433333257834117, 0.9416666607062022, 0.9546979777764955, 0.9666666607062022, 0.9316666622956594, 0.9546979781765266, 0.9649999936421713, 0.9566666583220164, 0.9449999908606211, 0.949664419529422, 0.9583333273728688, 0.9666666587193807, 0.9798657670117065, 0.9483333269755045, 0.9583333253860473, 0.9649999956289927, 0.9597315380237247, 0.9683333297570547, 0.9633333245913188, 0.9664429470196666, 0.9633333285649618, 0.9583333253860473, 0.9647650966708292, 0.9549999912579854, 0.9699999948342641, 0.9633333285649618, 0.97147650526674, 0.9499999940395355, 0.973333328962326]}